Source ID, Timestamp (epoch seconds), PC RPM, PC Bus Voltage (V), PC Winding Curr (A), PC Battery Curr (A), PC Status, PC Load Dump Current (A), PC Target Voltage (V), PC Target Curr (A), PC Diff PSI, PC RPM Std Dev, PC Scale, PC Retract, PC Aux Torque (mV), PC Bias Curr (A), PC Charge Curr (A), PC Draw Curr (A),  BC Voltage, BC Ips, BC V Balance, BC V Stopcharge, BC Ground Fault, BC_Hydrogen, BC Status,  XB Roll XB Angle (deg), XB Pitch Angle (deg), XB Yaw Angle (deg), XB X Rate, XB Y Rate, XB Z Rate, XB X Accel, XB Y Accel, XB Z Accel, XB North Vel, XB East Vel, XB Down Vel, XB Lat, XB Long, XB Alt, XB Temp,  SC Load Cell (lbs), SC Range Finder (in), SC Upper PSI, SC Lower PSI, SC Status, CTD Time, CTD Salinity, CTD Temp,  TF Power-Loss Timeouts, TF Tether Volt, TF Batt Volt, TF Pressure psi, TF Qtn 1, TF Qtn 2, TF Qtn 3, TF Qtn 4, TF Mag 1 gauss, TF Mag 2, TF Mag 3, TF Status, TF Ang Rate 1 rad/sec, TF Ang Rate 2,  TF Ang Rate 3, TF VPE status, TF Accel 1 m/sec^2, TF Accel 2, TF Accel 3, TF Comms-Loss Timeouts, TF Maxon status, TF Motor curren mA, TF Encoder counts, 
0, 1759774837.718, ,,,,,,,,,,,,,,,,295.9, 0.00, 2.76, 2.79, 0.06, 3.26, 11264, ,,,,,,,,,,,,,,,,,,,,,,,,,,,,,,,,,,,,,,,,,,,,,,,
1, 1759774837.718, ,,,,,,,,,,,,,,,,,,,,,,,,,,,,,,,,,,,,,,,2183.80, 27.45, 75.63, 189.38, 8192, 0, 0.000000, 0.000, ,,,,,,,,,,,,,,,,,,,,,,,
2, 1759774837.718, 780.2, 295.9, -2.39, 0.13, 0, -0.00, 0.0, -2.39, 2.910, 0.0, 1.00, 0.60, 0.00, 0.00, 0.00, 0.00, ,,,,,,,,,,,,,,,,,,,,,,,,,,,,,,,,,,,,,,,,,,,,,,,,,,,,,,
3, 1759774837.718, ,,,,,,,,,,,,,,,,,,,,,,,0.000, 0.003, 0.000, -0.000, 0.001, 0.000, 0.118, -0.000, 8.843, 0.095, 0.010, 0.095, 36.74385, -121.87623, -2.804, 0.000, ,,,,,,,,,,,,,,,,,,,,,,,,,,,,,,,
4, 1759774837.718, ,,,,,,,,,,,,,,,,,,,,,,,,,,,,,,,,,,,,,,,,,,,,,,,60, 48.000, 48.000, -44.219, -0.000, 0.707, 0.000, 0.707, 0.226, 0.054, 0.421, 0, -0.000, 0.000, 0.000, 0, -9.588, 0.000, -0.014, 60, 0, 0, 0, 
1, 1759774837.818, ,,,,,,,,,,,,,,,,,,,,,,,,,,,,,,,,,,,,,,,1901.22, 27.10, 76.02, 188.95, 8192, 0, 0.000000, 0.000, ,,,,,,,,,,,,,,,,,,,,,,,
2, 1759774837.818, 999.1, 298.1, -3.97, 0.44, 0, -0.00, 0.0, -3.97, 2.910, 0.0, 1.00, 0.60, 0.00, 0.00, 0.00, 0.00, ,,,,,,,,,,,,,,,,,,,,,,,,,,,,,,,,,,,,,,,,,,,,,,,,,,,,,,
3, 1759774837.818, ,,,,,,,,,,,,,,,,,,,,,,,0.000, 0.017, 0.000, -0.000, 0.003, 0.000, 0.122, -0.000, 9.480, 0.144, 0.023, 0.144, 36.74385, -121.87623, -2.816, 0.000, ,,,,,,,,,,,,,,,,,,,,,,,,,,,,,,,
0, 1759774837.818, ,,,,,,,,,,,,,,,,298.1, 0.00, 2.76, 2.79, 0.06, 3.26, 11264, ,,,,,,,,,,,,,,,,,,,,,,,,,,,,,,,,,,,,,,,,,,,,,,,
4, 1759774837.818, ,,,,,,,,,,,,,,,,,,,,,,,,,,,,,,,,,,,,,,,,,,,,,,,60, 48.000, 48.000, -44.225, -0.000, 0.707, 0.000, 0.707, 0.226, 0.054, 0.421, 0, -0.000, 0.001, 0.000, 0, -9.430, 0.000, -0.015, 60, 0, 0, 0, 
3, 1759774837.918, ,,,,,,,,,,,,,,,,,,,,,,,0.000, 0.045, 0.000, -0.000, 0.006, 0.000, 0.123, -0.000, 9.707, 0.160, 0.036, 0.160, 36.74385, -121.87623, -2.831, 0.000, ,,,,,,,,,,,,,,,,,,,,,,,,,,,,,,,
0, 1759774837.918, ,,,,,,,,,,,,,,,,296.3, 0.00, 2.76, 2.79, 0.06, 3.26, 11264, ,,,,,,,,,,,,,,,,,,,,,,,,,,,,,,,,,,,,,,,,,,,,,,,
1, 1759774837.918, ,,,,,,,,,,,,,,,,,,,,,,,,,,,,,,,,,,,,,,,2094.33, 26.76, 76.40, 188.54, 8192, 0, 0.000000, 0.000, ,,,,,,,,,,,,,,,,,,,,,,,
2, 1759774837.918, 829.8, 296.3, -2.75, 0.19, 0, -0.00, 0.0, -2.75, 2.910, 0.0, 1.00, 0.60, 0.00, 0.00, 0.00, 0.00, ,,,,,,,,,,,,,,,,,,,,,,,,,,,,,,,,,,,,,,,,,,,,,,,,,,,,,,
4, 1759774837.918, ,,,,,,,,,,,,,,,,,,,,,,,,,,,,,,,,,,,,,,,,,,,,,,,60, 48.000, 48.000, -44.235, -0.000, 0.707, 0.000, 0.707, 0.226, 0.054, 0.421, 0, -0.000, 0.001, 0.000, 0, -9.501, 0.000, -0.015, 60, 0, 0, 0, 
1, 1759774838.018, ,,,,,,,,,,,,,,,,,,,,,,,,,,,,,,,,,,,,,,,2385.46, 26.51, 76.69, 188.23, 8192, 0, 0.000000, 0.000, ,,,,,,,,,,,,,,,,,,,,,,,
2, 1759774838.018, 585.3, 294.6, -1.04, -0.06, 0, 0.00, 0.0, -1.04, 2.910, 0.0, 1.00, 0.60, 0.00, 0.00, 0.00, 0.00, ,,,,,,,,,,,,,,,,,,,,,,,,,,,,,,,,,,,,,,,,,,,,,,,,,,,,,,
3, 1759774838.018, ,,,,,,,,,,,,,,,,,,,,,,,0.000, 0.090, 0.000, -0.000, 0.009, 0.000, 0.123, -0.000, 9.854, 0.159, 0.049, 0.159, 36.74385, -121.87623, -2.847, 0.000, ,,,,,,,,,,,,,,,,,,,,,,,,,,,,,,,
0, 1759774838.018, ,,,,,,,,,,,,,,,,294.6, 0.00, 2.76, 2.79, 0.06, 3.26, 11264, ,,,,,,,,,,,,,,,,,,,,,,,,,,,,,,,,,,,,,,,,,,,,,,,
4, 1759774838.018, ,,,,,,,,,,,,,,,,,,,,,,,,,,,,,,,,,,,,,,,,,,,,,,,60, 48.000, 48.000, -44.249, -0.000, 0.707, 0.000, 0.707, 0.226, 0.054, 0.421, 0, -0.000, 0.002, 0.000, 0, -9.619, 0.000, -0.016, 60, 0, 0, 0, 
1, 1759774838.118, ,,,,,,,,,,,,,,,,,,,,,,,,,,,,,,,,,,,,,,,2620.16, 26.36, 76.86, 188.04, 8192, 0, 0.000000, 0.000, ,,,,,,,,,,,,,,,,,,,,,,,
3, 1759774838.118, ,,,,,,,,,,,,,,,,,,,,,,,0.000, 0.152, 0.000, -0.000, 0.012, 0.000, 0.119, -0.000, 10.045, 0.141, 0.063, 0.141, 36.74385, -121.87623, -2.862, 0.000, ,,,,,,,,,,,,,,,,,,,,,,,,,,,,,,,
0, 1759774838.118, ,,,,,,,,,,,,,,,,295.0, 0.00, 2.76, 2.79, 0.06, 3.26, 11264, ,,,,,,,,,,,,,,,,,,,,,,,,,,,,,,,,,,,,,,,,,,,,,,,
2, 1759774838.118, 262.9, 295.0, -0.00, 0.00, 0, 0.00, 0.0, -0.00, 2.910, 0.0, 1.00, 0.60, 0.00, 0.00, 0.00, 0.00, ,,,,,,,,,,,,,,,,,,,,,,,,,,,,,,,,,,,,,,,,,,,,,,,,,,,,,,
4, 1759774838.118, ,,,,,,,,,,,,,,,,,,,,,,,,,,,,,,,,,,,,,,,,,,,,,,,60, 48.000, 48.000, -44.266, -0.000, 0.707, 0.000, 0.707, 0.226, 0.054, 0.421, 0, -0.000, 0.002, 0.000, 0, -9.710, 0.000, -0.017, 60, 0, 0, 0, 
3, 1759774838.218, ,,,,,,,,,,,,,,,,,,,,,,,0.000, 0.231, 0.000, -0.000, 0.015, 0.000, 0.114, -0.000, 10.127, 0.106, 0.079, 0.106, 36.74385, -121.87623, -2.875, 0.000, ,,,,,,,,,,,,,,,,,,,,,,,,,,,,,,,
0, 1759774838.218, ,,,,,,,,,,,,,,,,295.0, 0.00, 2.76, 2.79, 0.06, 3.26, 11264, ,,,,,,,,,,,,,,,,,,,,,,,,,,,,,,,,,,,,,,,,,,,,,,,
1, 1759774838.218, ,,,,,,,,,,,,,,,,,,,,,,,,,,,,,,,,,,,,,,,2925.23, 26.35, 76.87, 188.04, 8192, 0, 0.000000, 0.000, ,,,,,,,,,,,,,,,,,,,,,,,
2, 1759774838.218, -150.8, 295.0, 0.00, 0.00, 0, 0.00, 0.0, 0.00, 2.910, 0.0, 1.00, 0.60, 0.00, 0.00, 0.00, 0.00, ,,,,,,,,,,,,,,,,,,,,,,,,,,,,,,,,,,,,,,,,,,,,,,,,,,,,,,
4, 1759774838.218, ,,,,,,,,,,,,,,,,,,,,,,,,,,,,,,,,,,,,,,,,,,,,,,,60, 48.000, 48.000, -44.284, -0.000, 0.707, 0.000, 0.707, 0.226, 0.054, 0.421, 0, -0.000, 0.003, 0.000, 0, -9.837, 0.000, -0.018, 60, 0, 0, 0, 
0, 1759774838.318, ,,,,,,,,,,,,,,,,294.6, 0.00, 2.76, 2.79, 0.06, 3.26, 11264, ,,,,,,,,,,,,,,,,,,,,,,,,,,,,,,,,,,,,,,,,,,,,,,,
1, 1759774838.318, ,,,,,,,,,,,,,,,,,,,,,,,,,,,,,,,,,,,,,,,3165.10, 26.48, 76.72, 188.20, 8192, 0, 0.000000, 0.000, ,,,,,,,,,,,,,,,,,,,,,,,
2, 1759774838.318, -519.0, 294.6, 1.33, -0.05, 0, 0.00, 0.0, 1.33, 2.910, 0.0, 1.00, 0.60, 0.00, 0.00, 0.00, 0.00, ,,,,,,,,,,,,,,,,,,,,,,,,,,,,,,,,,,,,,,,,,,,,,,,,,,,,,,
3, 1759774838.318, ,,,,,,,,,,,,,,,,,,,,,,,0.000, 0.327, 0.000, -0.000, 0.018, 0.000, 0.106, -0.000, 10.223, 0.064, 0.095, 0.064, 36.74385, -121.87623, -2.884, 0.000, ,,,,,,,,,,,,,,,,,,,,,,,,,,,,,,,
4, 1759774838.318, ,,,,,,,,,,,,,,,,,,,,,,,,,,,,,,,,,,,,,,,,,,,,,,,60, 48.000, 48.000, -44.301, -0.000, 0.708, 0.000, 0.707, 0.226, 0.054, 0.421, 0, -0.000, 0.004, 0.000, 0, -9.934, 0.000, -0.020, 60, 0, 0, 0, 
3, 1759774838.418, ,,,,,,,,,,,,,,,,,,,,,,,0.000, 0.436, 0.000, -0.000, 0.020, 0.000, 0.098, -0.000, 10.185, 0.024, 0.112, 0.024, 36.74385, -121.87623, -2.888, 0.000, ,,,,,,,,,,,,,,,,,,,,,,,,,,,,,,,
0, 1759774838.418, ,,,,,,,,,,,,,,,,296.5, 0.00, 2.76, 2.79, 0.06, 3.26, 11264, ,,,,,,,,,,,,,,,,,,,,,,,,,,,,,,,,,,,,,,,,,,,,,,,
1, 1759774838.418, ,,,,,,,,,,,,,,,,,,,,,,,,,,,,,,,,,,,,,,,3486.58, 26.71, 76.45, 188.48, 8192, 0, 0.000000, 0.000, ,,,,,,,,,,,,,,,,,,,,,,,
2, 1759774838.418, -724.8, 296.5, 3.32, 0.21, 0, 0.00, 0.0, 3.32, 2.910, 0.0, 1.00, 0.60, 0.00, 0.00, 0.00, 0.00, ,,,,,,,,,,,,,,,,,,,,,,,,,,,,,,,,,,,,,,,,,,,,,,,,,,,,,,
4, 1759774838.418, ,,,,,,,,,,,,,,,,,,,,,,,,,,,,,,,,,,,,,,,,,,,,,,,60, 48.000, 48.000, -44.316, -0.000, 0.708, 0.000, 0.707, 0.225, 0.054, 0.421, 0, -0.000, 0.004, 0.000, 0, -10.073, 0.000, -0.022, 60, 0, 0, 0, 
0, 1759774838.518, ,,,,,,,,,,,,,,,,297.7, 0.00, 2.76, 2.79, 0.06, 3.26, 11264, ,,,,,,,,,,,,,,,,,,,,,,,,,,,,,,,,,,,,,,,,,,,,,,,
1, 1759774838.518, ,,,,,,,,,,,,,,,,,,,,,,,,,,,,,,,,,,,,,,,3682.39, 27.00, 76.13, 188.83, 8192, 0, 0.000000, 0.000, ,,,,,,,,,,,,,,,,,,,,,,,
2, 1759774838.518, -818.5, 297.7, 4.45, 0.39, 0, 0.00, 0.0, 4.45, 2.910, 0.0, 1.00, 0.60, 0.00, 0.00, 0.00, 0.00, ,,,,,,,,,,,,,,,,,,,,,,,,,,,,,,,,,,,,,,,,,,,,,,,,,,,,,,
3, 1759774838.518, ,,,,,,,,,,,,,,,,,,,,,,,0.000, 0.557, 0.000, -0.000, 0.022, 0.000, 0.086, -0.000, 10.227, -0.017, 0.130, -0.017, 36.74385, -121.87623, -2.889, 0.000, ,,,,,,,,,,,,,,,,,,,,,,,,,,,,,,,
4, 1759774838.518, ,,,,,,,,,,,,,,,,,,,,,,,,,,,,,,,,,,,,,,,,,,,,,,,60, 48.000, 48.000, -44.327, -0.000, 0.708, 0.000, 0.706, 0.225, 0.054, 0.421, 0, -0.000, 0.005, 0.000, 0, -10.153, 0.000, -0.024, 60, 0, 0, 0, 
0, 1759774838.618, ,,,,,,,,,,,,,,,,298.8, 0.00, 2.76, 2.79, 0.06, 3.26, 11264, ,,,,,,,,,,,,,,,,,,,,,,,,,,,,,,,,,,,,,,,,,,,,,,,
1, 1759774838.618, ,,,,,,,,,,,,,,,,,,,,,,,,,,,,,,,,,,,,,,,3829.86, 27.31, 75.78, 189.22, 8192, 0, 0.000000, 0.000, ,,,,,,,,,,,,,,,,,,,,,,,
2, 1759774838.618, -887.0, 298.8, 5.27, 0.54, 0, 0.00, 0.0, 5.27, 2.910, 0.0, 1.00, 0.60, 0.00, 0.00, 0.00, 0.00, ,,,,,,,,,,,,,,,,,,,,,,,,,,,,,,,,,,,,,,,,,,,,,,,,,,,,,,
3, 1759774838.618, ,,,,,,,,,,,,,,,,,,,,,,,0.000, 0.684, 0.000, -0.000, 0.023, 0.000, 0.071, -0.000, 10.267, -0.062, 0.149, -0.062, 36.74385, -121.87623, -2.885, 0.000, ,,,,,,,,,,,,,,,,,,,,,,,,,,,,,,,
4, 1759774838.618, ,,,,,,,,,,,,,,,,,,,,,,,,,,,,,,,,,,,,,,,,,,,,,,,60, 48.000, 48.000, -44.333, -0.000, 0.708, 0.000, 0.706, 0.225, 0.054, 0.421, 0, -0.000, 0.006, 0.000, 0, -10.213, 0.000, -0.028, 60, 0, 0, 0, 
0, 1759774838.718, ,,,,,,,,,,,,,,,,299.6, 0.00, 2.76, 2.79, 0.06, 3.26, 11264, ,,,,,,,,,,,,,,,,,,,,,,,,,,,,,,,,,,,,,,,,,,,,,,,
1, 1759774838.718, ,,,,,,,,,,,,,,,,,,,,,,,,,,,,,,,,,,,,,,,3936.20, 27.64, 75.41, 189.63, 8192, 0, 0.000000, 0.000, ,,,,,,,,,,,,,,,,,,,,,,,
2, 1759774838.718, -933.5, 299.6, 5.82, 0.65, 0, 0.00, 0.0, 5.82, 2.910, 0.0, 1.00, 0.60, 0.00, 0.00, 0.00, 0.00, ,,,,,,,,,,,,,,,,,,,,,,,,,,,,,,,,,,,,,,,,,,,,,,,,,,,,,,
3, 1759774838.718, ,,,,,,,,,,,,,,,,,,,,,,,0.000, 0.813, 0.000, -0.000, 0.023, 0.000, 0.052, -0.000, 10.290, -0.110, 0.169, -0.110, 36.74385, -121.87623, -2.877, 0.000, ,,,,,,,,,,,,,,,,,,,,,,,,,,,,,,,
4, 1759774838.718, ,,,,,,,,,,,,,,,,,,,,,,,,,,,,,,,,,,,,,,,,,,,,,,,60, 48.000, 48.000, -44.332, -0.000, 0.708, 0.000, 0.706, 0.225, 0.054, 0.421, 0, -0.000, 0.006, 0.000, 0, -10.257, 0.000, -0.032, 60, 0, 0, 0, 
3, 1759774838.818, ,,,,,,,,,,,,,,,,,,,,,,,0.000, 0.941, 0.001, -0.000, 0.022, 0.000, 0.031, -0.000, 10.294, -0.160, 0.189, -0.160, 36.74385, -121.87623, -2.863, 0.000, ,,,,,,,,,,,,,,,,,,,,,,,,,,,,,,,
0, 1759774838.818, ,,,,,,,,,,,,,,,,300.0, 0.00, 2.76, 2.79, 0.06, 3.26, 11264, ,,,,,,,,,,,,,,,,,,,,,,,,,,,,,,,,,,,,,,,,,,,,,,,
1, 1759774838.818, ,,,,,,,,,,,,,,,,,,,,,,,,,,,,,,,,,,,,,,,3998.92, 27.99, 75.04, 190.05, 8192, 0, 0.000000, 0.000, ,,,,,,,,,,,,,,,,,,,,,,,
2, 1759774838.818, -957.1, 300.0, 6.11, 0.71, 0, 0.00, 0.0, 6.11, 2.910, 0.0, 1.00, 0.60, 0.00, 0.00, 0.00, 0.00, ,,,,,,,,,,,,,,,,,,,,,,,,,,,,,,,,,,,,,,,,,,,,,,,,,,,,,,
4, 1759774838.818, ,,,,,,,,,,,,,,,,,,,,,,,,,,,,,,,,,,,,,,,,,,,,,,,60, 48.000, 48.000, -44.325, -0.000, 0.708, 0.000, 0.706, 0.225, 0.054, 0.421, 0, -0.000, 0.007, 0.000, 0, -10.282, 0.000, -0.037, 60, 0, 0, 0, 
3, 1759774838.918, ,,,,,,,,,,,,,,,,,,,,,,,0.000, 1.062, 0.001, -0.000, 0.020, 0.000, 0.007, -0.000, 10.278, -0.208, 0.209, -0.208, 36.74385, -121.87623, -2.845, 0.000, ,,,,,,,,,,,,,,,,,,,,,,,,,,,,,,,
0, 1759774838.918, ,,,,,,,,,,,,,,,,300.0, 0.00, 2.76, 2.79, 0.06, 3.26, 11264, ,,,,,,,,,,,,,,,,,,,,,,,,,,,,,,,,,,,,,,,,,,,,,,,
1, 1759774838.918, ,,,,,,,,,,,,,,,,,,,,,,,,,,,,,,,,,,,,,,,4016.91, 28.33, 74.66, 190.49, 8192, 0, 0.000000, 0.000, ,,,,,,,,,,,,,,,,,,,,,,,
2, 1759774838.918, -957.5, 300.0, 6.11, 0.71, 0, 0.00, 0.0, 6.11, 2.910, 0.0, 1.00, 0.60, 0.00, 0.00, 0.00, 0.00, ,,,,,,,,,,,,,,,,,,,,,,,,,,,,,,,,,,,,,,,,,,,,,,,,,,,,,,
4, 1759774838.918, ,,,,,,,,,,,,,,,,,,,,,,,,,,,,,,,,,,,,,,,,,,,,,,,60, 48.000, 48.000, -44.310, -0.000, 0.709, 0.000, 0.705, 0.224, 0.054, 0.422, 0, -0.000, 0.008, 0.000, 0, -10.288, 0.000, -0.043, 60, 0, 0, 0, 
0, 1759774839.018, ,,,,,,,,,,,,,,,,299.6, 0.00, 2.76, 2.79, 0.06, 3.26, 11264, ,,,,,,,,,,,,,,,,,,,,,,,,,,,,,,,,,,,,,,,,,,,,,,,
1, 1759774839.018, ,,,,,,,,,,,,,,,,,,,,,,,,,,,,,,,,,,,,,,,3990.15, 28.68, 74.28, 190.92, 8192, 0, 0.000000, 0.000, ,,,,,,,,,,,,,,,,,,,,,,,
2, 1759774839.018, -934.8, 299.6, 5.84, 0.65, 0, 0.00, 0.0, 5.84, 2.910, 0.0, 1.00, 0.60, 0.00, 0.00, 0.00, 0.00, ,,,,,,,,,,,,,,,,,,,,,,,,,,,,,,,,,,,,,,,,,,,,,,,,,,,,,,
3, 1759774839.018, ,,,,,,,,,,,,,,,,,,,,,,,0.000, 1.171, 0.001, -0.000, 0.018, 0.000, -0.018, -0.000, 10.242, -0.253, 0.228, -0.253, 36.74385, -121.87623, -2.822, 0.000, ,,,,,,,,,,,,,,,,,,,,,,,,,,,,,,,
4, 1759774839.018, ,,,,,,,,,,,,,,,,,,,,,,,,,,,,,,,,,,,,,,,,,,,,,,,60, 48.000, 48.000, -44.289, -0.000, 0.709, 0.000, 0.705, 0.224, 0.054, 0.422, 0, -0.000, 0.008, 0.000, 0, -10.273, 0.000, -0.049, 60, 0, 0, 0, 
0, 1759774839.118, ,,,,,,,,,,,,,,,,298.8, 0.00, 2.76, 2.79, 0.06, 3.26, 11264, ,,,,,,,,,,,,,,,,,,,,,,,,,,,,,,,,,,,,,,,,,,,,,,,
1, 1759774839.118, ,,,,,,,,,,,,,,,,,,,,,,,,,,,,,,,,,,,,,,,3920.24, 29.01, 73.93, 191.33, 8192, 0, 0.000000, 0.000, ,,,,,,,,,,,,,,,,,,,,,,,
2, 1759774839.118, -890.1, 298.8, 5.30, 0.55, 0, 0.00, 0.0, 5.30, 2.910, 0.0, 1.00, 0.60, 0.00, 0.00, 0.00, 0.00, ,,,,,,,,,,,,,,,,,,,,,,,,,,,,,,,,,,,,,,,,,,,,,,,,,,,,,,
3, 1759774839.118, ,,,,,,,,,,,,,,,,,,,,,,,0.000, 1.265, 0.001, -0.000, 0.015, 0.000, -0.044, -0.000, 10.188, -0.294, 0.246, -0.294, 36.74385, -121.87623, -2.795, 0.000, ,,,,,,,,,,,,,,,,,,,,,,,,,,,,,,,
4, 1759774839.118, ,,,,,,,,,,,,,,,,,,,,,,,,,,,,,,,,,,,,,,,,,,,,,,,60, 48.000, 48.000, -44.261, -0.000, 0.709, 0.000, 0.705, 0.223, 0.054, 0.422, 0, -0.000, 0.009, 0.000, 0, -10.240, 0.000, -0.054, 60, 0, 0, 0, 
0, 1759774839.218, ,,,,,,,,,,,,,,,,297.8, 0.00, 2.76, 2.79, 0.06, 3.26, 11264, ,,,,,,,,,,,,,,,,,,,,,,,,,,,,,,,,,,,,,,,,,,,,,,,
1, 1759774839.218, ,,,,,,,,,,,,,,,,,,,,,,,,,,,,,,,,,,,,,,,3810.30, 29.32, 73.60, 191.72, 8192, 0, 0.000000, 0.000, ,,,,,,,,,,,,,,,,,,,,,,,
2, 1759774839.218, -825.3, 297.8, 4.53, 0.40, 0, 0.00, 0.0, 4.53, 2.910, 0.0, 1.00, 0.60, 0.00, 0.00, 0.00, 0.00, ,,,,,,,,,,,,,,,,,,,,,,,,,,,,,,,,,,,,,,,,,,,,,,,,,,,,,,
3, 1759774839.218, ,,,,,,,,,,,,,,,,,,,,,,,0.000, 1.341, 0.001, -0.000, 0.011, 0.000, -0.070, -0.000, 10.119, -0.328, 0.264, -0.328, 36.74385, -121.87623, -2.764, 0.000, ,,,,,,,,,,,,,,,,,,,,,,,,,,,,,,,
4, 1759774839.218, ,,,,,,,,,,,,,,,,,,,,,,,,,,,,,,,,,,,,,,,,,,,,,,,60, 48.000, 48.000, -44.226, -0.000, 0.710, 0.000, 0.705, 0.223, 0.054, 0.422, 0, -0.000, 0.010, 0.000, 0, -10.189, 0.000, -0.061, 60, 0, 0, 0, 
3, 1759774839.318, ,,,,,,,,,,,,,,,,,,,,,,,0.000, 1.399, 0.001, -0.000, 0.010, 0.000, -0.157, -0.000, 10.038, -0.355, 0.275, -0.355, 36.74385, -121.87623, -2.730, 0.000, ,,,,,,,,,,,,,,,,,,,,,,,,,,,,,,,
0, 1759774839.318, ,,,,,,,,,,,,,,,,296.7, 0.00, 2.76, 2.79, 0.06, 3.26, 11264, ,,,,,,,,,,,,,,,,,,,,,,,,,,,,,,,,,,,,,,,,,,,,,,,
1, 1759774839.318, ,,,,,,,,,,,,,,,,,,,,,,,,,,,,,,,,,,,,,,,3665.98, 29.60, 73.30, 192.08, 8192, 0, 0.000000, 0.000, ,,,,,,,,,,,,,,,,,,,,,,,
2, 1759774839.318, -743.4, 296.7, 3.55, 0.24, 0, 0.00, 0.0, 3.55, 2.910, 0.0, 1.00, 0.60, 0.00, 0.00, 0.00, 0.00, ,,,,,,,,,,,,,,,,,,,,,,,,,,,,,,,,,,,,,,,,,,,,,,,,,,,,,,
4, 1759774839.318, ,,,,,,,,,,,,,,,,,,,,,,,,,,,,,,,,,,,,,,,,,,,,,,,60, 48.000, 48.000, -44.186, -0.000, 0.710, 0.000, 0.704, 0.223, 0.054, 0.422, 0, -0.000, 0.010, 0.000, 0, -10.124, 0.000, -0.056, 60, 0, 0, 0, 
0, 1759774839.418, ,,,,,,,,,,,,,,,,295.5, 0.00, 2.76, 2.79, 0.06, 3.26, 11264, ,,,,,,,,,,,,,,,,,,,,,,,,,,,,,,,,,,,,,,,,,,,,,,,
1, 1759774839.418, ,,,,,,,,,,,,,,,,,,,,,,,,,,,,,,,,,,,,,,,3491.75, 29.86, 73.03, 192.40, 8192, 0, 0.000000, 0.000, ,,,,,,,,,,,,,,,,,,,,,,,
2, 1759774839.418, -646.8, 295.5, 2.39, 0.08, 0, 0.00, 0.0, 2.39, 2.910, 0.0, 1.00, 0.60, 0.00, 0.00, 0.00, 0.00, ,,,,,,,,,,,,,,,,,,,,,,,,,,,,,,,,,,,,,,,,,,,,,,,,,,,,,,
3, 1759774839.418, ,,,,,,,,,,,,,,,,,,,,,,,0.000, 1.457, 0.001, -0.000, 0.010, 0.000, -0.193, 0.000, 9.949, -0.373, 0.282, -0.373, 36.74385, -121.87623, -2.694, 0.000, ,,,,,,,,,,,,,,,,,,,,,,,,,,,,,,,
4, 1759774839.418, ,,,,,,,,,,,,,,,,,,,,,,,,,,,,,,,,,,,,,,,,,,,,,,,60, 48.000, 48.000, -44.142, -0.000, 0.710, 0.000, 0.704, 0.222, 0.054, 0.423, 0, -0.000, 0.010, 0.000, 0, -10.048, 0.000, -0.060, 60, 0, 0, 0, 
0, 1759774839.518, ,,,,,,,,,,,,,,,,294.7, 0.00, 2.76, 2.79, 0.06, 3.26, 11264, ,,,,,,,,,,,,,,,,,,,,,,,,,,,,,,,,,,,,,,,,,,,,,,,
1, 1759774839.518, ,,,,,,,,,,,,,,,,,,,,,,,,,,,,,,,,,,,,,,,3322.69, 30.07, 72.81, 192.67, 8192, 0, 0.000000, 0.000, ,,,,,,,,,,,,,,,,,,,,,,,
2, 1759774839.518, -525.9, 294.7, 1.38, -0.05, 0, 0.00, 0.0, 1.38, 2.910, 0.0, 1.00, 0.60, 0.00, 0.00, 0.00, 0.00, ,,,,,,,,,,,,,,,,,,,,,,,,,,,,,,,,,,,,,,,,,,,,,,,,,,,,,,
3, 1759774839.518, ,,,,,,,,,,,,,,,,,,,,,,,0.000, 1.516, 0.001, -0.000, 0.010, 0.000, -0.231, 0.000, 9.828, -0.381, 0.286, -0.381, 36.74385, -121.87623, -2.656, 0.000, ,,,,,,,,,,,,,,,,,,,,,,,,,,,,,,,
4, 1759774839.518, ,,,,,,,,,,,,,,,,,,,,,,,,,,,,,,,,,,,,,,,,,,,,,,,60, 48.000, 48.000, -44.094, -0.000, 0.711, 0.000, 0.703, 0.222, 0.054, 0.423, 0, -0.000, 0.010, 0.000, 0, -9.977, 0.000, -0.063, 60, 0, 0, 0, 
0, 1759774839.618, ,,,,,,,,,,,,,,,,294.0, 0.00, 2.76, 2.79, 0.06, 3.26, 11264, ,,,,,,,,,,,,,,,,,,,,,,,,,,,,,,,,,,,,,,,,,,,,,,,
1, 1759774839.618, ,,,,,,,,,,,,,,,,,,,,,,,,,,,,,,,,,,,,,,,3136.32, 30.22, 72.65, 192.87, 8192, 0, 0.000000, 0.000, ,,,,,,,,,,,,,,,,,,,,,,,
2, 1759774839.618, -343.4, 294.0, 0.26, -0.14, 0, 0.00, 0.0, 0.26, 2.910, 0.0, 1.00, 0.60, 0.00, 0.00, 0.00, 0.00, ,,,,,,,,,,,,,,,,,,,,,,,,,,,,,,,,,,,,,,,,,,,,,,,,,,,,,,
3, 1759774839.618, ,,,,,,,,,,,,,,,,,,,,,,,0.000, 1.574, 0.002, -0.000, 0.010, 0.000, -0.270, 0.000, 9.713, -0.376, 0.287, -0.376, 36.74385, -121.87623, -2.618, 0.000, ,,,,,,,,,,,,,,,,,,,,,,,,,,,,,,,
4, 1759774839.618, ,,,,,,,,,,,,,,,,,,,,,,,,,,,,,,,,,,,,,,,,,,,,,,,60, 48.000, 48.000, -44.044, -0.000, 0.711, 0.000, 0.703, 0.221, 0.054, 0.423, 0, -0.000, 0.010, 0.000, 0, -9.900, 0.000, -0.064, 60, 0, 0, 0, 
0, 1759774839.718, ,,,,,,,,,,,,,,,,295.0, 0.00, 2.76, 2.79, 0.06, 3.26, 11264, ,,,,,,,,,,,,,,,,,,,,,,,,,,,,,,,,,,,,,,,,,,,,,,,
1, 1759774839.718, ,,,,,,,,,,,,,,,,,,,,,,,,,,,,,,,,,,,,,,,3017.62, 30.30, 72.57, 192.97, 8192, 0, 0.000000, 0.000, ,,,,,,,,,,,,,,,,,,,,,,,
2, 1759774839.718, -83.7, 295.0, 0.00, 0.00, 0, 0.00, 0.0, 0.00, 2.910, 0.0, 1.00, 0.60, 0.00, 0.00, 0.00, 0.00, ,,,,,,,,,,,,,,,,,,,,,,,,,,,,,,,,,,,,,,,,,,,,,,,,,,,,,,
3, 1759774839.718, ,,,,,,,,,,,,,,,,,,,,,,,0.000, 1.632, 0.002, -0.000, 0.010, 0.000, -0.306, 0.000, 9.534, -0.358, 0.285, -0.358, 36.74385, -121.87623, -2.581, 0.000, ,,,,,,,,,,,,,,,,,,,,,,,,,,,,,,,
4, 1759774839.718, ,,,,,,,,,,,,,,,,,,,,,,,,,,,,,,,,,,,,,,,,,,,,,,,60, 48.000, 48.000, -43.992, -0.000, 0.711, 0.000, 0.703, 0.221, 0.054, 0.423, 0, -0.000, 0.010, 0.000, 0, -9.857, 0.000, -0.065, 60, 0, 0, 0, 
3, 1759774839.818, ,,,,,,,,,,,,,,,,,,,,,,,0.000, 1.686, 0.002, -0.000, 0.009, 0.000, -0.336, 0.000, 9.513, -0.333, 0.279, -0.333, 36.74385, -121.87623, -2.546, 0.000, ,,,,,,,,,,,,,,,,,,,,,,,,,,,,,,,
0, 1759774839.818, ,,,,,,,,,,,,,,,,295.0, 0.00, 2.76, 2.79, 0.06, 3.26, 11264, ,,,,,,,,,,,,,,,,,,,,,,,,,,,,,,,,,,,,,,,,,,,,,,,
1, 1759774839.818, ,,,,,,,,,,,,,,,,,,,,,,,,,,,,,,,,,,,,,,,2754.15, 30.28, 72.61, 192.92, 8192, 0, 0.000000, 0.000, ,,,,,,,,,,,,,,,,,,,,,,,
2, 1759774839.818, 153.6, 295.0, -0.00, 0.00, 0, 0.00, 0.0, -0.00, 2.910, 0.0, 1.00, 0.60, 0.00, 0.00, 0.00, 0.00, ,,,,,,,,,,,,,,,,,,,,,,,,,,,,,,,,,,,,,,,,,,,,,,,,,,,,,,
4, 1759774839.818, ,,,,,,,,,,,,,,,,,,,,,,,,,,,,,,,,,,,,,,,,,,,,,,,60, 48.000, 48.000, -43.940, -0.000, 0.712, 0.000, 0.702, 0.221, 0.054, 0.423, 0, -0.000, 0.010, 0.000, 0, -9.745, 0.000, -0.069, 60, 0, 0, 0, 
0, 1759774839.918, ,,,,,,,,,,,,,,,,294.2, 0.00, 2.76, 2.79, 0.06, 3.26, 11264, ,,,,,,,,,,,,,,,,,,,,,,,,,,,,,,,,,,,,,,,,,,,,,,,
1, 1759774839.918, ,,,,,,,,,,,,,,,,,,,,,,,,,,,,,,,,,,,,,,,2608.70, 30.17, 72.73, 192.77, 8192, 0, 0.000000, 0.000, ,,,,,,,,,,,,,,,,,,,,,,,
2, 1759774839.918, 463.4, 294.2, -0.60, -0.11, 0, 0.00, 0.0, -0.60, 2.910, 0.0, 1.00, 0.60, 0.00, 0.00, 0.00, 0.00, ,,,,,,,,,,,,,,,,,,,,,,,,,,,,,,,,,,,,,,,,,,,,,,,,,,,,,,
3, 1759774839.918, ,,,,,,,,,,,,,,,,,,,,,,,0.000, 1.732, 0.002, 0.000, 0.007, 0.000, -0.344, 0.000, 9.399, -0.296, 0.274, -0.296, 36.74385, -121.87623, -2.515, 0.000, ,,,,,,,,,,,,,,,,,,,,,,,,,,,,,,,
4, 1759774839.918, ,,,,,,,,,,,,,,,,,,,,,,,,,,,,,,,,,,,,,,,,,,,,,,,60, 48.000, 48.000, -43.890, -0.000, 0.712, 0.000, 0.702, 0.220, 0.054, 0.424, 0, -0.000, 0.009, 0.000, 0, -9.691, 0.000, -0.074, 60, 0, 0, 0, 
0, 1759774840.018, ,,,,,,,,,,,,,,,,295.4, 0.00, 2.76, 2.79, 0.06, 3.26, 11264, ,,,,,,,,,,,,,,,,,,,,,,,,,,,,,,,,,,,,,,,,,,,,,,,
1, 1759774840.018, ,,,,,,,,,,,,,,,,,,,,,,,,,,,,,,,,,,,,,,,2368.82, 29.94, 72.97, 192.49, 8192, 0, 0.000000, 0.000, ,,,,,,,,,,,,,,,,,,,,,,,
2, 1759774840.018, 720.5, 295.4, -1.96, 0.06, 0, -0.00, 0.0, -1.96, 2.910, 0.0, 1.00, 0.60, 0.00, 0.00, 0.00, 0.00, ,,,,,,,,,,,,,,,,,,,,,,,,,,,,,,,,,,,,,,,,,,,,,,,,,,,,,,
3, 1759774840.018, ,,,,,,,,,,,,,,,,,,,,,,,0.000, 1.758, 0.002, 0.000, 0.002, 0.000, -0.353, 0.000, 9.408, -0.256, 0.267, -0.256, 36.74385, -121.87623, -2.487, 0.000, ,,,,,,,,,,,,,,,,,,,,,,,,,,,,,,,
4, 1759774840.018, ,,,,,,,,,,,,,,,,,,,,,,,,,,,,,,,,,,,,,,,,,,,,,,,60, 48.000, 48.000, -43.841, -0.000, 0.712, 0.000, 0.702, 0.220, 0.054, 0.424, 0, -0.000, 0.009, 0.000, 0, -9.591, 0.000, -0.078, 60, 0, 0, 0, 
3, 1759774840.118, ,,,,,,,,,,,,,,,,,,,,,,,0.000, 1.754, 0.002, 0.000, -0.003, 0.000, -0.357, 0.000, 9.395, -0.217, 0.261, -0.217, 36.74385, -121.87623, -2.463, 0.000, ,,,,,,,,,,,,,,,,,,,,,,,,,,,,,,,
0, 1759774840.118, ,,,,,,,,,,,,,,,,296.7, 0.00, 2.76, 2.79, 0.06, 3.26, 11264, ,,,,,,,,,,,,,,,,,,,,,,,,,,,,,,,,,,,,,,,,,,,,,,,
1, 1759774840.118, ,,,,,,,,,,,,,,,,,,,,,,,,,,,,,,,,,,,,,,,2175.94, 29.65, 73.27, 192.12, 8192, 0, 0.000000, 0.000, ,,,,,,,,,,,,,,,,,,,,,,,
2, 1759774840.118, 866.2, 296.7, -3.01, 0.24, 0, -0.00, 0.0, -3.01, 2.910, 0.0, 1.00, 0.60, 0.00, 0.00, 0.00, 0.00, ,,,,,,,,,,,,,,,,,,,,,,,,,,,,,,,,,,,,,,,,,,,,,,,,,,,,,,
4, 1759774840.118, ,,,,,,,,,,,,,,,,,,,,,,,,,,,,,,,,,,,,,,,,,,,,,,,60, 48.000, 48.000, -43.795, -0.000, 0.713, 0.000, 0.701, 0.219, 0.054, 0.424, 0, -0.000, 0.009, 0.000, 0, -9.514, 0.000, -0.081, 60, 0, 0, 0, 
1, 1759774840.218, ,,,,,,,,,,,,,,,,,,,,,,,,,,,,,,,,,,,,,,,2028.24, 29.31, 73.63, 191.69, 8192, 0, 0.000000, 0.000, ,,,,,,,,,,,,,,,,,,,,,,,
2, 1759774840.218, 973.8, 297.8, -3.78, 0.40, 0, -0.00, 0.0, -3.78, 2.910, 0.0, 1.00, 0.60, 0.00, 0.00, 0.00, 0.00, ,,,,,,,,,,,,,,,,,,,,,,,,,,,,,,,,,,,,,,,,,,,,,,,,,,,,,,
3, 1759774840.218, ,,,,,,,,,,,,,,,,,,,,,,,0.000, 1.714, 0.002, 0.000, -0.010, 0.000, -0.355, 0.000, 9.364, -0.175, 0.253, -0.175, 36.74385, -121.87623, -2.443, 0.000, ,,,,,,,,,,,,,,,,,,,,,,,,,,,,,,,
0, 1759774840.218, ,,,,,,,,,,,,,,,,297.8, 0.00, 2.76, 2.79, 0.06, 3.26, 11264, ,,,,,,,,,,,,,,,,,,,,,,,,,,,,,,,,,,,,,,,,,,,,,,,
4, 1759774840.218, ,,,,,,,,,,,,,,,,,,,,,,,,,,,,,,,,,,,,,,,,,,,,,,,60, 48.000, 48.000, -43.753, -0.000, 0.713, 0.000, 0.701, 0.219, 0.054, 0.424, 0, -0.000, 0.008, 0.000, 0, -9.460, 0.000, -0.084, 60, 0, 0, 0, 
1, 1759774840.318, ,,,,,,,,,,,,,,,,,,,,,,,,,,,,,,,,,,,,,,,1913.58, 28.94, 74.03, 191.22, 8192, 0, 0.000000, 0.000, ,,,,,,,,,,,,,,,,,,,,,,,
3, 1759774840.318, ,,,,,,,,,,,,,,,,,,,,,,,0.000, 1.632, 0.002, 0.000, -0.018, 0.000, -0.348, 0.000, 9.330, -0.130, 0.245, -0.130, 36.74385, -121.87623, -2.427, 0.000, ,,,,,,,,,,,,,,,,,,,,,,,,,,,,,,,
0, 1759774840.318, ,,,,,,,,,,,,,,,,298.8, 0.00, 2.76, 2.79, 0.06, 3.26, 11264, ,,,,,,,,,,,,,,,,,,,,,,,,,,,,,,,,,,,,,,,,,,,,,,,
2, 1759774840.318, 1066.3, 298.8, -4.32, 0.54, 0, -0.00, 0.0, -4.32, 2.910, 0.0, 1.00, 0.60, 0.00, 0.00, 0.00, 0.00, ,,,,,,,,,,,,,,,,,,,,,,,,,,,,,,,,,,,,,,,,,,,,,,,,,,,,,,
4, 1759774840.318, ,,,,,,,,,,,,,,,,,,,,,,,,,,,,,,,,,,,,,,,,,,,,,,,60, 48.000, 48.000, -43.717, -0.000, 0.713, 0.000, 0.701, 0.219, 0.054, 0.424, 0, -0.000, 0.008, 0.000, 0, -9.419, 0.000, -0.086, 60, 0, 0, 0, 
0, 1759774840.418, ,,,,,,,,,,,,,,,,299.7, 0.00, 2.76, 2.79, 0.06, 3.26, 11264, ,,,,,,,,,,,,,,,,,,,,,,,,,,,,,,,,,,,,,,,,,,,,,,,
1, 1759774840.418, ,,,,,,,,,,,,,,,,,,,,,,,,,,,,,,,,,,,,,,,1820.29, 28.54, 74.47, 190.71, 8192, 0, 0.000000, 0.000, ,,,,,,,,,,,,,,,,,,,,,,,
2, 1759774840.418, 1151.7, 299.7, -4.77, 0.67, 0, -0.00, 0.0, -4.77, 2.910, 0.0, 1.00, 0.60, 0.00, 0.00, 0.00, 0.00, ,,,,,,,,,,,,,,,,,,,,,,,,,,,,,,,,,,,,,,,,,,,,,,,,,,,,,,
3, 1759774840.418, ,,,,,,,,,,,,,,,,,,,,,,,0.000, 1.507, 0.002, 0.000, -0.025, 0.000, -0.336, 0.000, 9.311, -0.082, 0.237, -0.082, 36.74385, -121.87623, -2.417, 0.000, ,,,,,,,,,,,,,,,,,,,,,,,,,,,,,,,
4, 1759774840.418, ,,,,,,,,,,,,,,,,,,,,,,,,,,,,,,,,,,,,,,,,,,,,,,,60, 48.000, 48.000, -43.686, -0.000, 0.714, 0.000, 0.701, 0.218, 0.054, 0.425, 0, -0.000, 0.007, 0.000, 0, -9.387, 0.000, -0.089, 60, 0, 0, 0, 
0, 1759774840.518, ,,,,,,,,,,,,,,,,300.4, 0.00, 2.76, 2.79, 0.06, 3.26, 11264, ,,,,,,,,,,,,,,,,,,,,,,,,,,,,,,,,,,,,,,,,,,,,,,,
1, 1759774840.518, ,,,,,,,,,,,,,,,,,,,,,,,,,,,,,,,,,,,,,,,1747.22, 28.11, 74.94, 190.17, 8192, 0, 0.000000, 0.000, ,,,,,,,,,,,,,,,,,,,,,,,
2, 1759774840.518, 1215.7, 300.4, -5.11, 0.77, 0, -0.00, 0.0, -5.11, 2.910, 0.0, 1.00, 0.60, 0.00, 0.00, 0.00, 0.00, ,,,,,,,,,,,,,,,,,,,,,,,,,,,,,,,,,,,,,,,,,,,,,,,,,,,,,,
3, 1759774840.518, ,,,,,,,,,,,,,,,,,,,,,,,0.000, 1.340, 0.002, 0.000, -0.032, 0.000, -0.320, 0.000, 9.312, -0.034, 0.227, -0.034, 36.74385, -121.87623, -2.411, 0.000, ,,,,,,,,,,,,,,,,,,,,,,,,,,,,,,,
4, 1759774840.518, ,,,,,,,,,,,,,,,,,,,,,,,,,,,,,,,,,,,,,,,,,,,,,,,60, 48.000, 48.000, -43.662, -0.000, 0.714, 0.000, 0.700, 0.218, 0.054, 0.425, 0, -0.000, 0.007, 0.000, 0, -9.361, 0.000, -0.091, 60, 0, 0, 0, 
0, 1759774840.618, ,,,,,,,,,,,,,,,,300.8, 0.00, 2.76, 2.79, 0.06, 3.26, 11264, ,,,,,,,,,,,,,,,,,,,,,,,,,,,,,,,,,,,,,,,,,,,,,,,
1, 1759774840.618, ,,,,,,,,,,,,,,,,,,,,,,,,,,,,,,,,,,,,,,,1701.14, 27.66, 75.43, 189.62, 8192, 0, 0.000000, 0.000, ,,,,,,,,,,,,,,,,,,,,,,,
2, 1759774840.618, 1247.5, 300.8, -5.28, 0.83, 0, -0.00, 0.0, -5.28, 2.910, 0.0, 1.00, 0.60, 0.00, 0.00, 0.00, 0.00, ,,,,,,,,,,,,,,,,,,,,,,,,,,,,,,,,,,,,,,,,,,,,,,,,,,,,,,
3, 1759774840.618, ,,,,,,,,,,,,,,,,,,,,,,,0.000, 1.133, 0.002, 0.000, -0.039, 0.000, -0.300, 0.000, 9.329, 0.013, 0.216, 0.013, 36.74385, -121.87623, -2.409, 0.000, ,,,,,,,,,,,,,,,,,,,,,,,,,,,,,,,
4, 1759774840.618, ,,,,,,,,,,,,,,,,,,,,,,,,,,,,,,,,,,,,,,,,,,,,,,,60, 48.000, 48.000, -43.643, -0.000, 0.714, 0.000, 0.700, 0.218, 0.054, 0.425, 0, -0.000, 0.006, 0.000, 0, -9.345, 0.000, -0.093, 60, 0, 0, 0, 
